FGM,FGA,3FG,3FGA,FT,FTA,PTS,ORebs,DRebs,Tot Reb,AST,TO,STL,BLK,PF,DQ,team
40.0,75.0,15.0,34.0,6.0,8.0,101.0,14.0,32.0,46.0,31.0,18.0,13.0,9.0,18.0,0.0,1
38.0,80.0,7.0,29.0,9.0,11.0,92.0,25.0,38.0,63.0,21.0,13.0,12.0,7.0,17.0,0.0,1
32.0,78.0,13.0,33.0,6.0,14.0,83.0,24.0,26.0,50.0,24.0,15.0,15.0,1.0,19.0,0.0,1
0.0,0.0,0.0,0.0,0.0,0.0,0.0,0.0,0.0,0.0,0.0,0.0,0.0,0.0,0.0,0.0,1
20.0,66.0,7.0,34.0,14.0,23.0,61.0,14.0,26.0,40.0,9.0,16.0,8.0,2.0,21.0,0.0,1
28.0,65.0,10.0,27.0,5.0,7.0,71.0,16.0,33.0,49.0,23.0,25.0,8.0,5.0,17.0,0.0,1
35.0,80.0,8.0,36.0,10.0,19.0,88.0,26.0,24.0,50.0,28.0,20.0,17.0,8.0,25.0,0.0,1
30.0,73.0,7.0,29.0,14.0,17.0,81.0,21.0,31.0,52.0,16.0,14.0,10.0,2.0,14.0,0.0,1
17.0,58.0,5.0,31.0,16.0,20.0,55.0,14.0,22.0,36.0,14.0,17.0,12.0,3.0,17.0,0.0,1
17.0,56.0,5.0,23.0,15.0,16.0,54.0,14.0,27.0,41.0,10.0,27.0,17.0,4.0,22.0,0.0,1
0.0,0.0,0.0,0.0,0.0,0.0,0.0,0.0,0.0,0.0,0.0,0.0,0.0,0.0,0.0,0.0,1
29.0,56.0,6.0,22.0,8.0,12.0,72.0,9.0,32.0,41.0,9.0,24.0,12.0,3.0,17.0,0.0,1
26.0,54.0,12.0,29.0,9.0,11.0,73.0,11.0,32.0,43.0,21.0,22.0,7.0,4.0,14.0,0.0,1
23.0,62.0,6.0,17.0,8.0,12.0,60.0,17.0,24.0,41.0,14.0,23.0,11.0,4.0,16.0,1.0,1
28.0,66.0,8.0,22.0,9.0,11.0,73.0,13.0,38.0,51.0,19.0,22.0,15.0,8.0,20.0,0.0,1
24.0,57.0,5.0,22.0,19.0,24.0,72.0,11.0,33.0,44.0,14.0,17.0,11.0,2.0,13.0,0.0,1
18.0,58.0,6.0,29.0,14.0,19.0,56.0,18.0,26.0,44.0,12.0,19.0,7.0,4.0,11.0,0.0,1
24.0,62.0,3.0,14.0,18.0,22.0,69.0,13.0,33.0,46.0,14.0,19.0,7.0,3.0,19.0,0.0,1
0.0,0.0,0.0,0.0,0.0,0.0,0.0,0.0,0.0,0.0,0.0,0.0,0.0,0.0,0.0,0.0,1
28.0,77.0,7.0,30.0,5.0,6.0,68.0,20.0,26.0,46.0,17.0,11.0,17.0,4.0,21.0,0.0,1
30.0,84.0,8.0,27.0,3.0,10.0,71.0,28.0,21.0,49.0,8.0,14.0,22.0,1.0,13.0,0.0,1
18.0,51.0,6.0,20.0,21.0,31.0,63.0,16.0,34.0,50.0,9.0,24.0,6.0,5.0,23.0,1.0,1
31.0,67.0,6.0,23.0,8.0,8.0,76.0,15.0,31.0,46.0,15.0,18.0,11.0,2.0,14.0,0.0,1
27.0,58.0,1.0,14.0,10.0,16.0,65.0,16.0,33.0,49.0,13.0,37.0,8.0,3.0,27.0,1.0,1
34.0,84.0,5.0,26.0,8.0,10.0,81.0,21.0,26.0,47.0,25.0,6.0,23.0,2.0,10.0,0.0,1
27.0,76.0,10.0,37.0,18.0,21.0,82.0,19.0,37.0,56.0,17.0,8.0,16.0,2.0,11.0,0.0,1
25.0,61.0,7.0,19.0,12.0,18.0,69.0,10.0,23.0,33.0,16.0,24.0,13.0,6.0,23.0,2.0,1
19.0,62.0,8.0,25.0,13.0,18.0,59.0,16.0,26.0,42.0,12.0,10.0,6.0,1.0,21.0,0.0,1
27.0,62.0,7.0,24.0,10.0,12.0,71.0,16.0,27.0,43.0,12.0,27.0,12.0,4.0,14.0,1.0,1
25.0,60.0,5.0,21.0,15.0,17.0,70.0,9.0,25.0,34.0,15.0,15.0,10.0,5.0,20.0,0.0,1
22.0,63.0,7.0,31.0,6.0,11.0,57.0,15.0,28.0,43.0,16.0,17.0,4.0,4.0,17.0,1.0,1
0.0,0.0,0.0,0.0,0.0,0.0,0.0,0.0,0.0,0.0,0.0,0.0,0.0,0.0,0.0,0.0,1
21.0,58.0,3.0,18.0,8.0,9.0,53.0,12.0,23.0,35.0,11.0,13.0,7.0,0.0,13.0,0.0,1
0.0,0.0,0.0,0.0,0.0,0.0,0.0,0.0,0.0,0.0,0.0,0.0,0.0,0.0,0.0,0.0,1
203.0,746.0,317.0,433.0,2046.0,473.0,837.0,1310.0,465.0,535.0,337.0,108.0,507.0,7.0,0.0,0.0,1
96.0,423.0,352.0,528.0,1406.0,281.0,631.0,912.0,227.0,610.0,256.0,74.0,452.0,5.0,1.0,0.0,1
0.0,0.0,0.0,0.0,0.0,0.0,0.0,0.0,0.0,0.0,0.0,0.0,0.0,0.0,0.0,0.0,1
32.0,57.0,6.0,21.0,10.0,19.0,80.0,6.0,27.0,33.0,28.0,18.0,14.0,9.0,17.0,0.0,0
23.0,63.0,4.0,24.0,15.0,20.0,65.0,15.0,19.0,34.0,16.0,14.0,18.0,11.0,12.0,0.0,0
36.0,69.0,8.0,23.0,25.0,35.0,105.0,18.0,22.0,40.0,28.0,20.0,27.0,10.0,18.0,0.0,0
35.0,69.0,10.0,24.0,16.0,24.0,96.0,9.0,13.0,22.0,16.0,13.0,18.0,1.0,25.0,1.0,0
37.0,77.0,5.0,25.0,11.0,13.0,90.0,20.0,31.0,51.0,23.0,14.0,14.0,9.0,17.0,0.0,0
41.0,72.0,18.0,36.0,19.0,25.0,119.0,16.0,30.0,46.0,35.0,15.0,13.0,8.0,21.0,0.0,0
36.0,67.0,5.0,20.0,20.0,28.0,97.0,14.0,34.0,48.0,18.0,16.0,12.0,4.0,23.0,0.0,0
43.0,68.0,11.0,21.0,7.0,9.0,104.0,12.0,39.0,51.0,35.0,21.0,12.0,4.0,9.0,0.0,0
30.0,61.0,6.0,17.0,7.0,14.0,73.0,8.0,25.0,33.0,20.0,16.0,15.0,7.0,18.0,0.0,0
43.0,83.0,8.0,26.0,15.0,22.0,109.0,22.0,36.0,58.0,25.0,16.0,22.0,10.0,15.0,0.0,0
38.0,68.0,10.0,23.0,14.0,18.0,100.0,16.0,32.0,48.0,22.0,16.0,12.0,3.0,18.0,0.0,0
37.0,77.0,10.0,25.0,11.0,16.0,95.0,17.0,29.0,46.0,21.0,10.0,20.0,4.0,14.0,0.0,0
30.0,61.0,5.0,14.0,18.0,22.0,83.0,9.0,27.0,36.0,16.0,14.0,13.0,14.0,12.0,0.0,0
39.0,76.0,9.0,24.0,14.0,16.0,101.0,19.0,20.0,39.0,24.0,19.0,18.0,7.0,15.0,0.0,0
38.0,65.0,12.0,25.0,3.0,6.0,91.0,11.0,22.0,33.0,21.0,10.0,10.0,2.0,15.0,0.0,0
39.0,69.0,9.0,23.0,20.0,24.0,107.0,11.0,35.0,46.0,19.0,13.0,20.0,7.0,12.0,0.0,0
30.0,54.0,7.0,19.0,9.0,12.0,76.0,6.0,30.0,36.0,12.0,15.0,7.0,4.0,15.0,0.0,0
29.0,61.0,9.0,22.0,13.0,15.0,80.0,9.0,33.0,42.0,8.0,9.0,4.0,5.0,10.0,0.0,0
32.0,64.0,8.0,21.0,8.0,11.0,80.0,10.0,15.0,25.0,21.0,12.0,15.0,4.0,16.0,0.0,0
29.0,59.0,7.0,17.0,12.0,16.0,77.0,4.0,23.0,27.0,19.0,11.0,7.0,6.0,11.0,0.0,0
24.0,54.0,6.0,20.0,13.0,18.0,67.0,10.0,23.0,33.0,12.0,14.0,9.0,2.0,13.0,0.0,0
35.0,74.0,10.0,24.0,7.0,9.0,87.0,16.0,31.0,47.0,24.0,8.0,7.0,6.0,9.0,0.0,0
33.0,71.0,12.0,34.0,5.0,9.0,83.0,17.0,17.0,34.0,27.0,9.0,14.0,4.0,14.0,0.0,0
32.0,70.0,7.0,21.0,15.0,17.0,86.0,13.0,27.0,40.0,22.0,10.0,6.0,6.0,16.0,0.0,0
36.0,67.0,15.0,33.0,2.0,3.0,89.0,5.0,27.0,32.0,22.0,10.0,8.0,2.0,12.0,0.0,0
41.0,85.0,7.0,27.0,13.0,18.0,102.0,21.0,23.0,44.0,28.0,14.0,24.0,2.0,9.0,0.0,0
0.0,0.0,0.0,0.0,0.0,0.0,0.0,0.0,0.0,0.0,0.0,0.0,0.0,0.0,0.0,0.0,0
35.0,64.0,1.0,17.0,12.0,18.0,83.0,6.0,20.0,26.0,23.0,13.0,20.0,5.0,16.0,0.0,0
0.0,0.0,0.0,0.0,0.0,0.0,0.0,0.0,0.0,0.0,0.0,0.0,0.0,0.0,0.0,0.0,0
26.0,62.0,11.0,28.0,11.0,14.0,74.0,11.0,26.0,37.0,16.0,8.0,6.0,5.0,9.0,0.0,0
0.0,0.0,0.0,0.0,0.0,0.0,0.0,0.0,0.0,0.0,0.0,0.0,0.0,0.0,0.0,0.0,0
32.0,64.0,5.0,19.0,7.0,13.0,76.0,13.0,26.0,39.0,17.0,14.0,17.0,4.0,11.0,0.0,0
0.0,0.0,0.0,0.0,0.0,0.0,0.0,0.0,0.0,0.0,0.0,0.0,0.0,0.0,0.0,0.0,0
27.0,62.0,6.0,25.0,14.0,17.0,74.0,10.0,33.0,43.0,15.0,13.0,7.0,4.0,16.0,0.0,0
0.0,0.0,0.0,0.0,0.0,0.0,0.0,0.0,0.0,0.0,0.0,0.0,0.0,0.0,0.0,0.0,0
28.0,54.0,6.0,17.0,15.0,19.0,77.0,4.0,35.0,39.0,20.0,13.0,9.0,6.0,8.0,0.0,0
0.0,0.0,0.0,0.0,0.0,0.0,0.0,0.0,0.0,0.0,0.0,0.0,0.0,0.0,0.0,0.0,0
